class,count,capital,ave_cap
一次電池製造,51,30956576040.0,606991687.0588236
一般事業廢棄物清除,1863,18178078224.0,9757422.557165861
一般事業廢棄物處理,544,20663199446.0,37983822.511029415
一般保險公證,28,79000000.0,2821428.5714285714
一般廢棄物處理,584,16459957340.0,28184858.45890411
一般麵條、粉條製造,189,1786720420.0,9453547.195767196
三溫暖浴室,27,302122680.0,11189728.888888888
上網專門店,141,70370000.0,499078.0141843972
不動產代銷,456,2709166888.0,5941155.456140351
不動產仲介,4852,24460808296.0,5041386.705688376
不動產估價,19,269627000.0,14190894.736842105
不動產投資開發,16287,999020227414.0,61338504.78381531
不動產租賃,8008,688461116657.0,85971667.9142108
不動產買賣,7383,441429940533.0,59790050.18732223
不動產轉租賃,431,11504373424.0,26692281.726218097
不織布製造,193,10614209814.0,54995905.77202073
中古商品（汽機車及其零配件除外）批發,51,191105000.0,3747156.862745098
中古機車批發,25,42848000.0,1713920.0
中古機車零售,63,83150000.0,1319841.2698412698
中古汽機車零配件零售,52,80668000.0,1551307.6923076923
中古汽車批發,531,3556419660.0,6697588.813559322
中古汽車零售,1852,3535898422.0,1909232.4092872571
中古藝術品零售,162,924075000.0,5704166.666666667
中央空調系統製造,63,781230000.0,12400476.19047619
中藥批發,570,10488393850.0,18400690.96491228
中藥製造,71,7088072160.0,99832002.25352113
中藥零售,539,1990177000.0,3692350.649350649
主機卡（板）製造,10,2174322950.0,217432295.0
乳製品（奶粉除外）批發,186,1630210000.0,8764569.892473118
乳製品（奶粉除外）零售,67,523119430.0,7807752.686567164
乾燥水產品批發,42,167248000.0,3982095.238095238
乾燥水產品零售,21,14708000.0,700380.9523809524
事務機械設備製造,190,13101729120.0,68956469.05263157
二極體製造,22,110192846780.0,5008765762.727273
二次電池製造,52,6918264610.0,133043550.1923077
人力供應,2777,11041622163.0,3976097.2859200574
人力車、畜力車運輸,48,86569000.0,1803520.8333333333
人用西藥製造,144,54465146390.0,378230183.2638889
人身保險,38,653146681029.0,17188070553.394737
人身保險代理,53,557519000.0,10519226.41509434
人身保險經紀,103,3773555939.0,36636465.42718446
人造纖維加工絲製造,18,5559363800.0,308853544.4444444
人造纖維織品批發,404,6395832460.0,15831268.465346534
人造纖維織品零售,34,863600000.0,25400000.0
人造花製造,15,100000000.0,6666666.666666667
代催收逾期應收帳款服務,18,1232000000.0,68444444.44444445
代客碾穀,57,196189000.0,3441912.2807017546
代客磨粉,15,74990000.0,4999333.333333333
代客編織（成衣）,16,119285000.0,7455312.5
代客編織（服飾品）,8,3200000.0,400000.0
代客鋸木,5,15100000.0,3020000.0
代客錄影（結婚攝影除外）,109,286909800.0,2632200.0
代步車製造,9,173400000.0,19266666.666666668
代計噸位,22,15666000.0,712090.9090909091
代辦留（遊）學服務,294,749797168.0,2550330.5034013605
以自動販賣機零售商品,85,132112500.0,1554264.705882353
仿皮革及其他材料製行李箱及手提袋製造,124,1045519800.0,8431611.290322581
企業總管理機構,17,875378830.0,51492872.35294118
企業識別標誌設計,146,382847888.0,2622245.808219178
伐木,52,218862500.0,4208894.230769231
住宅營建,2420,93002647838.0,38430846.214049585
作物採收後處理,164,1124257022.0,6855225.743902439
作物栽培服務,337,10354186202.0,30724588.136498515
便當、自助餐店,1687,1137963999.0,674548.9027860106
保健食品批發,1848,9894165308.0,5353985.556277056
保健食品零售,801,3281422770.0,4096657.6404494382
保全服務,459,19795333980.0,43127089.28104575
保溫容器製造,13,165330000.0,12717692.307692308
保險精算,6,19530000.0,3255000.0
保齡球館,32,627290000.0,19602812.5
信用卡推展服務,2,214000000.0,107000000.0
信用卡業務輔助,7,511000000.0,73000000.0
信用卡發卡機構,5,4366000000.0,873200000.0
信用合作社,24,9574903700.0,398954320.8333333
信用評等服務,14,98800000.0,7057142.857142857
信用調查服務,59,147090000.0,2493050.8474576273
信託資金集合管理運用帳戶,13,13936021000.0,1072001615.3846154
偏光板製造,1,568003000.0,568003000.0
停車場管理,1356,39481440244.0,29116106.374631267
健身中心、健康俱樂部,441,4203295485.0,9531282.278911564
偵探服務,6,44100000.0,7350000.0
傘製造,31,491080000.0,15841290.322580645
光學元件製造,57,4285996930.0,75192928.59649123
免洗餐具批發,245,1220336000.0,4980963.265306123
免洗餐具零售,73,126056000.0,1726794.5205479453
兒童及少年之社會工作服務,6,765530913.0,127588485.5
入口網站經營,446,16084439822.0,36063766.417040356
內建遊戲軟體之遊樂器批發,40,237592000.0,5939800.0
內建遊戲軟體之遊樂器零售,36,194318888.0,5397746.888888889
內河及湖泊水運,29,349270000.0,12043793.103448275
內衣批發,139,616880870.0,4437991.870503597
內衣零售,110,85568000.0,777890.9090909091
內陸漁撈,3,121060000.0,40353333.333333336
全新機車批發,370,3541082210.0,9570492.45945946
全新機車零售,1374,3703738224.0,2695588.2270742357
全新汽車批發,728,40269590903.0,55315372.119505495
全新汽車零售,972,63079625431.0,64896733.98251029
公共場所及家庭垃圾清除,49,216524000.0,4418857.142857143
公墓經營,19,798369000.0,42019421.05263158
公證人事務服務,49,404318070.0,8251389.183673469
公路汽車客運,50,12424990740.0,248499814.8
公路號誌裝修工程,234,838714000.0,3584247.863247863
公開展示廣告,1824,6018410969.0,3299567.4172149124
共同基金,1,10000000.0,10000000.0
其他中古商品（汽機車及其零配件除外）零售,188,1066036444.0,5670406.617021277
其他乳品製造,80,11992883960.0,149911049.5
其他人力仲介,1103,6136825182.0,5563758.097914778
其他人造纖維梭織布製造,176,14581223909.0,82847863.11931819
其他人造纖維紡紗紡製,97,29717431840.0,306365276.7010309
其他人造纖維製造,45,4977957350.0,110621274.44444445
其他信託、基金及類似金融實體,14,119692400000.0,8549457142.857142
其他個人及家庭用品租賃,269,2005530782.0,7455504.765799256
其他公用事業設施工程,469,194964358795.0,415702257.5586354
其他出版,299,2690303000.0,8997668.89632107
其他分離式元件製造,3,406632220.0,135544073.33333334
其他創作,51,917545000.0,17991078.43137255
其他創作及藝術表演輔助服務,352,1455504560.0,4134956.1363636362
其他動植物油脂製造,40,4789920660.0,119748016.5
其他化學原材料及其製品批發,5323,171294747492.0,32180114.12586887
其他化學原材料製造,377,133840287870.0,355014026.18037134
其他化粧品批發,6446,39833812906.0,6179617.267452684
其他化粧品零售,2972,9610966048.0,3233837.8358008075
其他博物館、歷史遺址及其他類似機構,14,396370000.0,28312142.85714286
其他印刷電路板組件製造,55,160403004610.0,2916418265.6363635
其他商品批發經紀,9970,320744224286.0,32170935.23430291
其他商業、資訊及專業管理教育,90,842215584.0,9357950.933333334
其他回收物料批發,2276,11776787771.0,5174335.576010545
其他基本金屬鑄造,188,4157300835.0,22113302.313829787
其他塑膠原料製造,279,131756261680.0,472244665.5197133
其他外燴及團膳承包,311,1557332919.0,5007501.347266881
其他家用攝影器材及光學產品批發,28,172849000.0,6173178.571428572
其他家用電器批發,3278,53887367291.0,16439099.234594265
其他家用電器零售,1665,6005189038.0,3606720.142942943
其他家飾品批發,693,3203578450.0,4622768.326118326
其他家飾品零售,462,908903000.0,1967322.5108225108
其他居住型照顧服務,31,185736000.0,5991483.870967742
其他工程服務及相關技術顧問,935,13411359628.0,14343700.136898397
其他布疋批發,704,3325039105.0,4723066.910511363
其他布疋零售,175,1003520476.0,5734402.72
其他廣告服務,6337,21049817522.0,3321732.290042607
其他建物完工裝修工程,1300,2149178780.0,1653214.446153846
其他建築工程,2773,79498927360.0,28668924.399567254
其他建築設備安裝,1812,8205098024.0,4528199.792494481
其他影片代理及發行,36,493800980.0,13716693.888888888
其他影片製作,533,5119009350.0,9604145.121951219
其他快遞服務,135,810362132.0,6002682.4592592595
其他投資顧問,6480,789331971070.0,121810489.36265433
其他控股公司,20,7699732730.0,384986636.5
其他攝影,1351,1399860387.0,1036166.0895632864
其他教育輔助服務,100,528240958.0,5282409.58
其他整地、基礎及結構工程,275,437510600.0,1590947.6363636365
其他智慧財產租賃,68,1462368695.0,21505421.98529412
其他服裝及其配件批發,1599,9819552671.0,6141058.5809881175
其他服裝及其配件零售,958,1868813064.0,1950744.3256784969
其他服飾品製造,442,5336311161.0,12073102.174208146
其他期貨服務,1,50000000.0,50000000.0
其他未分類不動產服務,149,2202120000.0,14779328.859060403
其他未分類個人及家庭用品維修,315,370567000.0,1176403.1746031747
其他未分類化學製品製造,474,53652785430.0,113191530.44303797
其他未分類基本金屬製造,909,20127354476.0,22142304.154015403
其他未分類專業、科學及技術服務,2436,78303203397.0,32144172.166256156
其他未分類專用機械設備製造,3172,59809000776.0,18855296.587641865
其他未分類專賣批發,2742,30528490722.0,11133658.177242888
其他未分類教育,352,1790705909.0,5087232.6960227275
其他未分類紙製品製造,424,10039817290.0,23678814.36320755
其他未分類運輸工具及其零件製造,137,4514276030.0,32950919.9270073
其他未分類醫療保健,51,2068030383.0,40549615.35294118
其他未分類金屬製品製造,4690,52055989260.0,11099358.051172707
其他未分類金融中介,1163,116106932271.0,99833991.63456579
其他未分類金融輔助,132,184992329628.0,1401457042.6363637
其他未分類電信,31,3080844127.0,99382068.61290322
其他未分類電子零組件製造,3865,614657436396.0,159031678.23958603
其他未分類非金屬礦物製品製造,218,9222394610.0,42304562.43119266
其他未分類食品製造,641,13664368142.0,21317266.99219969
其他林業,12,85240000.0,7103333.333333333
其他染整,311,14285796720.0,45935037.68488746
其他梭織外衣製造,102,10155572829.0,99564439.5
其他機械傳動設備製造,140,2557287380.0,18266338.42857143
其他機電、電信及電路設備裝修,3089,25034616853.0,8104440.5480738105
其他殯葬服務,364,5683174999.0,15613118.129120879
其他民間融資,200,26570268178.0,132851340.89
其他水產加工及保藏,15,54396000.0,3626400.0
其他水產品批發,3061,21352702289.0,6975727.634433192
其他污染整治,154,2389297520.0,15514918.96103896
其他汽車維修,4352,6645894784.0,1527089.794117647
其他汽車製造,67,30714993150.0,458432733.58208954
其他汽車貨運,5876,114937081270.0,19560429.07930565
其他汽車零件製造,1386,81311658980.0,58666420.62049062
其他海洋水運,28,216330000.0,7726071.428571428
其他清潔用品及化粧品製造,595,17302884221.0,29080477.68235294
其他清潔用品批發,2596,14547567106.0,5603839.409090909
其他烘焙炊蒸食品製造,756,7468933563.0,9879541.75
其他照明器具製造,420,20216526470.0,48134586.833333336
其他特用作物栽培,226,2390227530.0,10576228.008849557
其他玩具及娛樂用品批發,1241,9487934481.0,7645394.424657534
其他玩具及娛樂用品零售,639,2177666709.0,3407929.1220657276
其他玩具及遊戲機製造,187,3361745939.0,17977251.010695186
其他珠寶及金工製品製造,106,998409790.0,9418960.283018868
其他產業用機械設備維修及安裝,3071,149515733701.0,48686334.64702051
其他發電、輸電及配電機械製造,1689,187572405966.0,111055302.52575488
其他皮革及毛皮製品製造,130,5357665260.0,41212809.692307696
其他石材製品製造,178,2161286000.0,12142056.17977528
其他石油及煤製品製造,102,4381954051.0,42960333.833333336
其他研磨材料製造,17,83000000.0,4882352.94117647
其他碾穀,36,213845000.0,5940138.888888889
其他磨粉製品製造,40,1273659300.0,31841482.5
其他積體電路製造,184,450892143900.0,2450500782.0652175
其他管理顧問服務,11967,255790419537.0,21374648.578340437
其他糖果製造,153,3302676166.0,21586118.732026145
其他紙容器製造,1059,13389441162.0,12643476.07365439
其他紙張製造,131,20110339920.0,153514045.1908397
其他紡織、成衣及皮革生產用機械設備製造,17,272100000.0,16005882.352941176
其他紡織製成品製造,256,5882334033.0,22977867.31640625
其他美容美體服務,1988,2952203772.0,1485011.957746479
其他聲音錄製及音樂發行,165,755565000.0,4579181.818181818
其他肥料及氮化合物製造,116,7661148830.0,66044386.46551724
其他膳食及菜餚製造,188,7129681775.0,37923839.22872341
其他花卉栽培,540,14835272508.0,27472726.866666667
其他蔬果加工及保藏品製造,38,84493500.0,2223513.1578947366
其他藝人及模特兒等經紀,304,723721108.0,2380661.539473684
其他藝術教育,70,8923265522.0,127475221.74285714
其他藝術表演,400,995722057.0,2489305.1425
其他藥品及醫療用品批發,1166,13631885537.0,11691153.97684391
其他藥品及醫療用品零售,608,5712824540.0,9396092.993421054
其他製材,232,2313327000.0,9971237.068965517
其他製糖,17,143845939.0,8461525.823529411
其他複合肥料製造,58,885583460.0,15268680.344827587
其他視聽電子產品製造,476,65027058935.0,136611468.35084033
其他診所,1,3000000.0,3000000.0
其他語言補習教育,12,48900000.0,4075000.0
其他調味品製造,174,4796277000.0,27564810.344827585
其他財產保險,30,42110298460.0,1403676615.3333333
其他貨幣中介,12,18862152689.0,1571846057.4166667
其他資料處理、主機及網站代管服務,2205,104859230655.0,47555206.6462585
其他資源回收處理,654,2432354613.0,3719196.6559633026
其他軟體出版,267,2467411906.0,9241243.093632959
其他輸送機械設備製造,260,10246746880.0,39410564.92307692
其他辦公用機械器具批發,2113,32765315601.0,15506538.381921439
其他辦公用機械設備租賃,75,6093017953.0,81240239.37333333
其他農事及畜牧服務,221,424756700.0,1921976.0180995476
其他農作物栽培,1037,11423306744.0,11015724.921890067
其他農用及林用機械設備製造,104,837310000.0,8051057.692307692
其他通訊設備零售,598,2435783606.0,4073216.7324414714
其他遊戲場,52,40915000.0,786826.9230769231
其他運動及休閒教育,494,1261200670.0,2553037.793522267
其他運動場館,341,25557316211.0,74948141.38123167
其他運動用品及器材批發,1498,16166501828.0,10792057.29506008
其他運動用品及器材零售,915,5088553982.0,5561261.182513661
其他配線器材製造,71,688430600.0,9696205.633802816
其他酒精飲料製造,249,6790341540.0,27270447.95180723
其他醫用化學製品製造,43,2679846710.0,62322016.511627905
其他醫療器材及用品製造,510,39807929636.0,78054763.99215686
其他量測、導航及控制設備製造,320,20851201690.0,65160005.28125
其他金屬切削工具機製造,726,19342105900.0,26642019.14600551
其他金屬加工用機械設備製造,1138,21744605608.0,19107737.79261863
其他金屬建材批發,2730,24666442330.0,9035326.860805862
其他金屬建築組件製造,1147,15003633076.0,13080761.182214472
其他金屬手工具製造,5620,54184259662.0,9641327.341992883
其他金屬模具製造,3375,37344920188.0,11065161.537185185
其他金屬熱處理,174,3239796340.0,18619519.195402298
其他金屬鍛造,129,6673774620.0,51734686.97674418
其他針織外衣製造,270,4124902820.0,15277417.851851853
其他針織布製造,97,2336876000.0,24091505.154639177
其他鍋爐、金屬貯槽及壓力容器製造,21,479380000.0,22827619.04761905
其他陸上運輸輔助,1129,14084540858.0,12475235.4809566
其他電子、通訊設備及其零組件批發,3330,37038258376.0,11122600.112912914
其他電腦相關服務,718,7733143194.0,10770394.420612814
其他電腦程式設計,2223,34319390871.0,15438322.479082322
其他非有害廢棄物處理,34,70390000.0,2070294.1176470588
其他非酒精飲料製造,136,5115607090.0,37614758.01470588
其他鞋類製造,34,426314100.0,12538650.0
其他食用菇蕈栽培,153,2945960670.0,19254644.901960783
其他體育用品製造,487,14014037359.0,28776257.41067762
典當服務,1964,3059757000.0,1557921.0794297352
再保險,3,6003887500.0,2001295833.3333333
再生鋁鑄造,23,2768772000.0,120381391.30434783
冰品批發,64,191200000.0,2987500.0
冰品零售,104,443749330.0,4266820.480769231
冰果店、冷（熱）飲店,6378,5729143724.0,898266.4979617435
冰淇淋製造,19,337480000.0,17762105.263157893
冶金機械製造,60,823449000.0,13724150.0
冷凍、通風、空調系統裝修工程,4740,27813913187.0,5867914.174472574
冷凍冷藏倉儲經營,173,6175727000.0,35697843.93063584
冷凍冷藏水產製造,75,2568339300.0,34244524.0
冷凍冷藏肉類製造,84,2936688000.0,34960571.428571425
冷凍冷藏蔬果製造,25,446955000.0,17878200.0
冷凍調理水產品製造,36,992340000.0,27565000.0
冷凍調理肉類製造,69,2264497381.0,32818802.623188406
冷凍調理蔬果製造,4,83500000.0,20875000.0
冷凍調理食品批發,1046,9327669619.0,8917466.1749522
冷藏餐盒食品製造,59,567593500.0,9620228.813559322
切花、盆栽批發,526,2075058130.0,3944977.433460076
切花、盆栽零售,800,963673801.0,1204592.25125
刷子、掃帚批發,10,10360000.0,1036000.0
刺繡品織製,25,180480000.0,7219200.0
刻印章,81,39796000.0,491308.64197530865
創業投資公司,408,27829092355.0,68208559.69362745
劇團,126,268932780.0,2134387.1428571427
劇院、劇場經營,4,82500000.0,20625000.0
加工（精製）糖批發,95,436880000.0,4598736.842105263
加工（精製）糖零售,18,90505000.0,5028055.555555556
加盟連鎖式便利商店,1334,11027483999.0,8266479.759370315
加盟連鎖式便利商店（無商品進、銷貨行為）,5252,1669106256.0,317803.9329779132
動力手工具製造,183,3290301350.0,17979788.79781421
動物用西藥製造,53,7769203420.0,146588743.7735849
動物藥品批發,199,2002124810.0,10060928.693467336
動物藥品零售,70,850578540.0,12151122.0
動物飼品批發,981,7520018311.0,7665665.96432212
動物飼品製造,289,84946709335.0,293933250.2941176
動畫影片製作,164,1121102264.0,6835989.414634147
勞工團體,6,9220000.0,1536666.6666666667
包裝承攬服務,1000,1844115999.0,1844115.999
包裝機、打包機製造,156,1562108000.0,10013512.82051282
包裝用紙製造,18,717500000.0,39861111.11111111
包裝設計,118,195666363.0,1658189.5169491526
包裝飲用水製造,49,700749000.0,14301000.0
化學溶劑、工業添加劑批發,653,5169262611.0,7916175.514548239
化工機械批發,165,21456034460.0,130036572.48484848
化工機械設備製造,278,8811943450.0,31697638.309352517
區域網路及寬頻網路設備製造,60,14495505470.0,241591757.83333334
千斤頂製造,85,1758533800.0,20688632.94117647
半導體封裝及測試,50,91178135410.0,1823562708.2
博弈場經營,1,200000.0,200000.0
印刷,4804,43325238290.0,9018575.830557868
印刷品裝訂及加工,746,4130196140.0,5536455.951742628
印刷機械設備製造,112,2059612000.0,18389392.85714286
印刷電路板製造,246,49941857400.0,203015680.4878049
印表機、繪圖機製造,4,841166670.0,210291667.5
原動機批發,961,6956549385.0,7238865.124869927
原料藥製造,12,12765285160.0,1063773763.3333334
受污染土地整治,48,833500000.0,17364583.333333332
口香糖製造,1,66528000.0,66528000.0
古玩書畫批發,35,368240000.0,10521142.857142856
可可批發,7,108825000.0,15546428.57142857
吃到飽餐廳,205,664709888.0,3242487.258536585
合成橡膠原料批發,273,12092719450.0,44295675.64102564
合成橡膠原料製造,176,34457534850.0,195781448.01136363
合板及組合木材製造,380,6041099685.0,15897630.75
合板批發,257,1321776000.0,5143097.276264591
味精製造,7,10723200000.0,1531885714.2857144
咖啡批發,536,2326677988.0,4340817.141791045
咖啡粉製造,9,53200000.0,5911111.111111111
咖啡零售,451,567246000.0,1257751.6629711753
咖啡飲料製造,4,17500000.0,4375000.0
咖啡館,1442,2088842642.0,1448573.2607489598
商業設計,842,1868907831.0,2219605.5
商標事務服務,7,13022000.0,1860285.7142857143
商標出租,7,37000000.0,5285714.285714285
啤酒製造,9,189019750.0,21002194.444444444
單層直銷（有形商品）,183,109265000.0,597076.5027322405
固、液態氣體製造,31,8882377142.0,286528294.9032258
國產家用家具批發,3393,15554411720.0,4584265.169466549
國產家用家具零售,1746,4950199298.0,2835165.6918671248
國產菸酒批發,1701,22883028945.0,13452691.913580246
國術損傷接骨、國術推拿服務,80,18688000.0,233600.0
國防事務,1,5500000.0,5500000.0
圍棋指導,8,1251508000.0,156438500.0
園藝苗木零售,164,204363999.0,1246121.9451219512
圓編針織布製造,100,1334820000.0,13348200.0
圖書館及檔案保存,3,4500000.0,1500000.0
團膳承包,389,2022502776.0,5199235.928020566
土地開發,786,83711491458.0,106503169.79389313
土木工程顧問,726,9693499510.0,13351927.699724518
地政士事務服務,10,17170000.0,1717000.0
地板材製造（未組裝）,9,298530000.0,33170000.0
地毯批發,40,216020000.0,5400500.0
地毯零售,29,150870000.0,5202413.793103448
坐月子服務,29,74345000.0,2563620.6896551726
型鋼製造,53,20258423180.0,382234399.6226415
基本金屬表面處理,1543,24787506527.0,16064489.0
基本銅件製造,71,8906614133.0,125445269.47887324
基本鋁件製造,179,5555889570.0,31038489.217877094
基礎工程,548,1993258834.0,3637333.638686131
基金管理,42,21923208410.0,521981152.61904764
堆肥處理,19,106400000.0,5600000.0
報關服務,1040,29737484850.0,28593735.432692308
塑膠、橡膠建材製品批發,2646,36858099401.0,13929742.781934997
塑膠原料批發,1677,10604136790.0,6323277.7519379845
塑膠外殼及配件製造,1199,30669551666.0,25579275.784820683
塑膠家具及裝設品製造,77,809710000.0,10515714.285714285
塑膠成型模具製造,1971,21424432947.0,10869828.99391172
塑膠日用品製造,1567,18322293418.0,11692593.11933631
塑膠板、管材等製造,364,9882183860.0,27148856.758241758
塑膠模紙製造,16,177778000.0,11111125.0
塑膠橡膠機械批發,258,1549269624.0,6004921.023255814
塑膠皮、塑膠布製造,1026,28955067105.0,28221312.967836257
塑膠皮製品製造,111,1444559930.0,13014053.423423423
塑膠膜製造,172,9538763500.0,55457927.325581394
塑膠袋製品製造,683,10660663320.0,15608584.655929722
塑膠鞋材製造,99,1141884520.0,11534187.070707072
塑膠鞋製造,148,2528740000.0,17086081.08108108
塗料製造,357,11691394479.0,32749004.14285714
墊子製造,15,321780000.0,21452000.0
壁紙批發,30,133120000.0,4437333.333333333
壁紙零售,19,43145000.0,2270789.4736842103
壓縮機製造,37,1266990000.0,34242972.972972974
外國銀行,29,45601410499.0,1572462431.0
外燴（辦桌）承包,293,827961887.0,2825808.4880546075
外籍勞工仲介,589,3566112992.0,6054521.208828523
外語補習教育（數位學習除外）,25,864275984.0,34571039.36
外語補習教育（數位學習）,22,45641150.0,2074597.7272727273
多媒體設計,74,173668443.0,2346870.8513513515
多層次傳銷（佣金收入）,447,272950000.0,610626.3982102908
多層次傳銷（商品銷貨收入）,587,1926444690.0,3281847.853492334
夜店,13,98800000.0,7600000.0
大學及獨立學院,3,15608002000.0,5202667333.333333
大樓外牆清洗服務,90,140625888.0,1562509.8666666667
大理石採取,53,697148000.0,13153735.849056603
大眾捷運系統運輸,5,8682763870.0,1736552774.0
天然氣總管及市區管線營建,98,1145000524.0,11683678.81632653
天然蜂蜜批發,50,189696000.0,3793920.0
太陽能熱水器製造,12,58462545.0,4871878.75
太陽能電池製造,63,26182775230.0,415599606.82539684
夾娃娃機店,1726,499529496.0,289414.539976825
奶粉批發,67,897052150.0,13388838.059701493
奶粉製造,5,291599000.0,58319800.0
奶粉零售,47,90140000.0,1917872.3404255318
婚姻介紹服務,23,32380000.0,1407826.0869565217
婚禮規劃籌辦服務,253,1151494688.0,4551362.403162056
媒體代理及買賣,76,1992532509.0,26217533.013157893
嬰兒車製造,17,1164600000.0,68505882.35294117
字畫裱背,41,38970000.0,950487.8048780488
存款保險,1,10000000000.0,10000000000.0
學前教育,5,29200000.0,5840000.0
學校營養午餐供應,61,849290000.0,13922786.885245902
宅配遞送服務,23,112168000.0,4876869.565217392
安全帽製造,22,843100000.0,38322727.27272727
宗教、喪葬用品批發,709,2279068004.0,3214482.3751763045
宗教、喪葬用品零售,591,841157599.0,1423278.5093062606
宗教組織,11,4201769488.0,381979044.3636364
客車製造,16,5296220000.0,331013750.0
室內健身器材製造,29,1589081580.0,54795916.551724136
室內裝修工程,4261,9595683455.0,2251979.219666745
室內裝潢工程,22783,107031212935.0,4697854.230566651
室內設計,3451,14243546064.0,4127367.7380469427
室外運動場營建,53,15419911220.0,290941721.1320755
宴會用品出租,46,34997000.0,760804.3478260869
家事服務,34,321098000.0,9444058.823529411
家用光學產品零售,194,1619423250.0,8347542.525773196
家用冷氣機製造,42,1640293700.0,39054611.9047619
家用排油煙機零售,151,1157488000.0,7665483.443708609
家用攝影器材批發,82,480322332.0,5857589.414634147
家用攝影器材零售,58,147430000.0,2541896.5517241377
家用攝影機批發,18,64450000.0,3580555.5555555555
家用攝影機零售,13,39960000.0,3073846.153846154
家用洗衣設備製造,22,165502000.0,7522818.181818182
家用濾水器、淨水器零售,471,1115607000.0,2368592.3566878983
家用照明器材批發,1303,6965085041.0,5345422.134305449
家用照明設備零售,485,1397382584.0,2881201.204123711
家用瓦斯器具批發,160,1449424500.0,9058903.125
家用瓦斯器具零售,131,392578000.0,2996778.6259541987
家用空調器及其零件批發,717,3267067999.0,4556580.193863319
家用空調器及其零件零售,799,2206676000.0,2761797.246558198
家用除濕器、加濕器製造,7,179916100.0,25702300.0
家用電冰箱製造,17,275700000.0,16217647.05882353
家用電器維修,756,875395500.0,1157930.5555555555
家用電扇製造,163,2586533820.0,15868305.64417178
家用電熱水器批發,84,291218000.0,3466880.9523809524
家用電熱水器零售,16,18240000.0,1140000.0
家用飲水器具批發,79,171132000.0,2166227.8481012657
家用飲水機製造,31,745330000.0,24042903.225806452
家畜屠宰,96,1185700000.0,12351041.666666666
家禽屠宰,48,1233977770.0,25707870.208333332
家電材料批發,1602,19033711843.0,11881218.378901374
家電（視聽設備及家用空調器具除外）批發,1394,20134819661.0,14443916.543041607
家電（視聽設備及家用空調器具除外）零售,1821,9179796068.0,5041074.172432729
寢具批發,614,4196678230.0,6834980.830618893
寢具用品製造,86,683200000.0,7944186.046511628
寢具零售,369,1246874019.0,3379062.3821138213
實驗設備批發,1303,14261150429.0,10944858.349194167
實體新聞出版,132,7073161590.0,53584557.5
實體書籍出版,1397,11782999541.0,8434502.176807445
實體雜誌及期刊出版,931,12024204000.0,12915364.124597207
寵物批發,84,209540259.0,2494526.8928571427
寵物服裝及其飾品配件批發,123,595136392.0,4838507.25203252
寵物殯葬,13,78503000.0,6038692.307692308
寵物照顧及訓練,543,277044119.0,510210.16390423576
寵物用品批發,667,3402800513.0,5101649.944527736
寵物用品零售,654,838018799.0,1281374.3103975535
寵物零售,314,258474000.0,823165.6050955415
寵物飼品零售,363,2671608264.0,7359802.380165289
專利師事務服務,34,109338800.0,3215847.0588235296
專利權出租,25,1296303450.0,51852138.0
專業管理訓練,43,581042667.0,13512620.162790697
專業考試補習教學,52,534673792.0,10282188.307692308
專門職業團體,8,371787560.0,46473445.0
小件家用器皿批發,155,1109819800.0,7160127.741935484
小件家用器皿零售,71,251948888.0,3548575.8873239434
小說、漫畫及雜誌出租,62,61910000.0,998548.3870967742
小鋼珠（柏青哥）店,18,7350000.0,408333.3333333333
尼龍纖維梭織布製造,7,16895646370.0,2413663767.142857
尼龍纖維製造,10,901700000.0,90170000.0
居住型老人照顧服務,45,157058000.0,3490177.777777778
居住型身心障礙者照顧服務,3,3254000.0,1084666.6666666667
居家修繕用品零售,3588,16290710666.0,4540331.846711259
居家護理機構,60,141682460.0,2361374.3333333335
展示場管理,24,4538400000.0,189100000.0
工作平台搭建工程,90,152688000.0,1696533.3333333333
工商展覽籌辦,436,1691846726.0,3880382.399082569
工商業團體,23,154764912.0,6728909.217391305
工業助劑製造,99,6686685050.0,67542273.23232323
工業用橡膠製品製造,652,42209111309.0,64737900.780674845
工業用爐製造,6,52000000.0,8666666.666666666
工業設計,921,17419494071.0,18913674.344191097
工藝品創作,26,37582000.0,1445461.5384615385
巧克力粉製造,1,2000000.0,2000000.0
市區下水道土木工程,541,18320848550.0,33864784.75046211
市區汽車客運,31,12056446110.0,388917616.4516129
市區電力及電信線路工程,573,3739501660.0,6526180.907504363
市場研究,125,1115224221.0,8921793.768
市場管理,136,1176350000.0,8649632.352941176
帆布製品批發,65,259983000.0,3999738.4615384615
帆布製品製造,39,261624800.0,6708328.205128205
帆布製品零售,73,133050000.0,1822602.7397260275
帆布零售,10,11240000.0,1124000.0
帷幕牆工程,91,780133000.0,8572890.10989011
帽子批發,38,133790000.0,3520789.4736842103
帽子零售,31,21990000.0,709354.8387096775
平板玻璃及其製品製造,73,5945901960.0,81450711.78082192
平板玻璃批發,482,4858458040.0,10079788.46473029
幼畜（禽）、種畜（禽）批發,24,384326000.0,16013583.333333334
底盤車製造,1,3500000.0,3500000.0
庭園景觀工程,2238,11208383541.0,5008214.272117962
廚櫃批發,970,4618006633.0,4760831.580412371
廚櫃零售,431,826788567.0,1918302.939675174
廢五金批發,1589,10245966824.0,6448059.675267464
廢塑膠及廢輪胎處理,75,543580000.0,7247733.333333333
廢水及污水處理,433,19077548047.0,44059002.418013856
廢玻璃處理成碎玻璃砂,5,27400000.0,5480000.0
廢紙批發,248,877407000.0,3537931.4516129033
廢車船拆解,116,2577541300.0,22220183.620689657
廢鋼鐵及廢五金處理,229,1623499000.0,7089515.283842795
廢電器及資訊物品回收處理,26,543178000.0,20891461.53846154
廣告代理商,3747,19429429502.0,5185329.464104617
廣告影片製作,213,2137758794.0,10036426.262910798
廣播及電視發射設備製造,24,2408938150.0,100372422.91666667
廣播節目製作及發行,236,3648430045.0,15459449.343220338
廣播電台經營,159,4908517550.0,30871179.559748426
建材五金（基本金屬）批發,8166,74951348560.0,9178465.41268675
建材五金（螺絲、螺帽、鉚釘等金屬製品）批發,12338,56478064701.0,4577570.489625547
建材五金（銲條）批發,491,1656498749.0,3373724.5397148677
建築及礦業用機械批發,163,1100140439.0,6749327.846625767
建築廢棄物清除,376,1031385000.0,2743045.212765957
建築物一般清潔服務,4422,11254168233.0,2545040.305970149
建築物拆除,118,238301000.0,2019500.0
建築用木製品製造,93,594109900.0,6388278.494623655
建築設計、顧問,210,1168218350.0,5562944.523809524
建築鋼架組立,504,966498900.0,1917656.5476190476
引擎（汽、機車及飛機除外）、內燃機製造,162,2890030000.0,17839691.35802469
強化塑膠製品製造,105,1527255429.0,14545289.8
彩券銷售,1441,825816517.0,573085.7161693268
影印服務,555,941505999.0,1696407.2054054055
影印機出租,77,1441988999.0,18727129.85714286
影片及電視節目後製服務,109,686250000.0,6295871.559633028
影音光碟批發,154,1241422730.0,8061186.558441559
影音光碟租賃,86,321160000.0,3734418.604651163
影音內容複製,34,1798780590.0,52905311.47058824
律師事務服務,3,3835440000.0,1278480000.0
心理衛生輔導機構,9,109473858.0,12163762.0
成畜批發,381,3157442418.0,8287250.440944882
成禽批發,242,1840334000.0,7604685.950413223
成衣機械設備製造,102,4821488800.0,47269498.039215684
戲劇、體育及其他娛樂活動售票服務,12,65000000.0,5416666.666666667
戲劇創作,8,4148000.0,518500.0
戲劇教學,2,2000000.0,1000000.0
房屋修繕,1326,4437140900.0,3346260.105580694
房屋設備安裝工程,6241,11410299054.0,1828280.5726646371
手套、襪子批發,198,823743000.0,4160318.1818181816
手套、襪子零售,76,240235000.0,3160986.8421052634
手工藝品批發,365,7591230580.0,20797892.0
手工藝品製造,88,338302000.0,3844340.909090909
手工藝品零售,453,1632226589.0,3603149.2030905075
手工藝教學,44,42235554.0,959898.9545454546
手機及手機週邊零配件批發,609,2715974805.0,4459728.743842364
手機及手機週邊零配件零售,1983,2791870090.0,1407902.2138174484
手機製造,4,150000000.0,37500000.0
手電筒製造,4,720479250.0,180119812.5
打字機零售,424,2900730780.0,6841346.179245283
扳手製造,30,232330000.0,7744333.333333333
投幣式兒童騎乘機械玩具店,15,19500000.0,1300000.0
投資有價證券,21613,2260381177366.0,104584332.45574422
抽通風機製造,222,7738320480.0,34857299.45945946
拉鍊製造,80,1431596000.0,17894950.0
拖駁船經營,29,4557421970.0,157152481.72413793
招待所,2,1150000.0,575000.0
按摩服務,997,712777786.0,714922.553660983
掃瞄器製造,17,6675274580.0,392663210.5882353
採礦及營造用機械設備製造,94,936257140.0,9960182.340425532
搬家運送服務,132,1180564000.0,8943666.666666666
撞球室,67,17615000.0,262910.447761194
擦皮鞋,4,7430000.0,1857500.0
攝影教學,4,1840000.0,460000.0
收錄放音機製造,15,1995100000.0,133006666.66666667
救護車運送服務,27,133100000.0,4929629.62962963
教育用標本批發,36,153689000.0,4269138.888888889
教育諮詢,35,81350000.0,2324285.714285714
散熱器製造,8,96900000.0,12112500.0
整地、播種及收穫機械設備製造,26,276520000.0,10635384.615384616
整髮劑、染髮劑批發,26,98140000.0,3774615.3846153845
整髮劑、染髮劑零售,8,19600000.0,2450000.0
數位投影機製造,6,4009374030.0,668229005.0
數位新聞出版,26,25328000.0,974153.8461538461
數位書籍出版,77,521487220.0,6772561.298701298
數位雜誌及期刊出版,58,260209360.0,4486368.275862069
數值控制操作器製造,24,172976000.0,7207333.333333333
數據機製造,1,15000000.0,15000000.0
文件打字、撰稿及速記等服務,319,840559169.0,2634981.7210031347
文具批發,2628,13001832548.0,4947424.866057838
文具製造,247,4104717310.0,16618288.70445344
文具零售,1510,6563985137.0,4347010.024503311
文化用紙製造,13,938500000.0,72192307.6923077
文學創作,1,200000.0,200000.0
新聞供應,16,80400000.0,5025000.0
施工塔架吊裝工程（鷹架工程）,655,1322752488.0,2019469.4473282443
旅行業,3173,34080819542.0,10740882.301292153
旅館,2608,108724523411.0,41688851.00115031
早餐店,3123,1164991996.0,373036.1818764009
普通倉儲經營,654,35146978865.0,53741557.89755352
景觀建築服務,659,3905050888.0,5925722.136570562
書籍、雜誌批發,1358,8640103249.0,6362373.526509573
書籍、雜誌零售,901,5796743587.0,6433677.677025527
書籍零售攤販,4,1420000.0,355000.0
會計師事務服務,5,15500000.0,3100000.0
會議籌辦,262,1228334953.0,4688301.347328245
有侍者陪伴之咖啡廳,3,650000.0,216666.66666666666
有侍者陪伴之歌廳,1,500000.0,500000.0
有侍者陪伴之舞場,3,1700000.0,566666.6666666666
有侍者陪伴之舞廳,16,17870000.0,1116875.0
有侍者陪伴之茶室,22,5500000.0,250000.0
有侍者陪伴之視唱、視聽中心,71,75290000.0,1060422.5352112676
有侍者陪伴之酒家、酒吧,79,39160000.0,495696.2025316456
有娛樂節目餐廳,3,1500000.0,500000.0
有害事業廢棄物清除,18,1883109090.0,104617171.66666667
有害廢棄物處理,36,4456175040.0,123782640.0
有害廢棄物轉運站之經營,4,9100000.0,2275000.0
有線通信服務,126,172656259960.0,1370287777.4603174
有線電視系統經營,16,14457857480.0,903616092.5
有線電話機製造,94,23201170860.0,246820966.59574467
服裝及服飾配件零售攤販,94,166637000.0,1772734.0425531915
服裝批發,4234,27340535264.0,6457377.247047709
服裝指導、表演造型設計,40,46084000.0,1152100.0
服裝零售,4040,12795947262.0,3167313.6787128714
期貨商,18,19421749550.0,1078986086.1111112
木工機械設備製造,212,2738163680.0,12915866.41509434
木材保存處理,17,100500000.0,5911764.705882353
木材加工用機械批發,117,599600000.0,5124786.324786325
木材批發,1533,8207023712.0,5353570.58838878
木材鋸製、鉋製,127,850240800.0,6694809.448818898
木框製造,24,183650000.0,7652083.333333333
木製家具製造,749,6351502720.0,8479976.929238986
木質容器製造,183,854887000.0,4671513.661202186
木（竹）炭燒製,14,51350000.0,3667857.1428571427
未分類其他住宿,517,2235008800.0,4323034.429400387
未分類其他保險輔助,2,333663000.0,166831500.0
未分類其他個人服務,1199,2944433611.0,2455741.12677231
未分類其他光學儀器及設備製造,342,18069825183.0,52835746.149122804
未分類其他光電材料及元件製造,24,1887198460.0,78633269.16666667
未分類其他全新商品零售,1363,12189233423.0,8942944.550990462
未分類其他土木工程,11187,155016554624.0,13856847.646732815
未分類其他塑膠製品製造,3236,55123649899.0,17034502.440976515
未分類其他娛樂及休閒服務,902,6928106205.0,7680827.27827051
未分類其他家用器具及用品批發,5320,24026630762.0,4516283.977819549
未分類其他家用器具及用品零售,2483,7518082567.0,3027822.217881595
未分類其他家用電器製造,342,15790130014.0,46169970.80116959
未分類其他專門營造,7711,77167308359.0,10007432.026844768
未分類其他專門設計服務,1670,11792740188.0,7061521.070658683
未分類其他工業製品製造,624,12630987862.0,20241967.727564104
未分類其他建材批發,5760,37440506744.0,6500087.976388888
未分類其他技術檢測及分析服務,416,60447363473.0,145306162.19471154
未分類其他服飾品批發,4315,24933290291.0,5778282.802085747
未分類其他服飾品零售,2305,5651367261.0,2451786.2303687637
未分類其他木竹製品製造,615,4662036650.0,7580547.398373984
未分類其他機械器具批發,13019,86497673630.0,6643956.803901989
未分類其他機械設備租賃,246,6182078048.0,25130398.569105692
未分類其他橡膠製品製造,704,25771367495.0,36607056.10085227
未分類其他水上運輸輔助,62,785350000.0,12666935.483870968
未分類其他清潔服務,299,19221690476.0,64286590.22073579
未分類其他燃料及相關產品零售,211,2929129880.0,13882132.132701421
未分類其他燃料批發,275,1847920180.0,6719709.745454545
未分類其他玻璃及其製品製造,166,9023699780.0,54359637.22891566
未分類其他畜牧,118,3793150091.0,32145339.754237287
未分類其他社會工作服務,130,3072916680.0,23637820.615384616
未分類其他紡紗紡製,108,10011206740.0,92696358.7037037
未分類其他紡織品製造,259,7894349330.0,30480113.243243244
未分類其他組織,241,31369863542.0,130165408.88796681
未分類其他綜合商品零售,2931,23864167908.0,8141988.368474923
未分類其他織布製造,130,7582883500.0,58329873.07692308
未分類其他行政支援服務,644,4620855415.0,7175241.327639751
未分類其他資訊服務,3811,85299903239.0,22382551.361584887
未分類其他農產原料批發,479,4498407174.0,9391246.709812108
未分類其他通用機械設備製造,2598,50762773398.0,19539173.7482679
未分類其他通訊傳播設備製造,199,91858101371.0,461598499.3517588
未分類其他運動服務,500,1504262184.0,3008524.368
未分類其他運輸工具租賃,83,1590975166.0,19168375.493975904
未分類其他運輸輔助,1198,3108592718.0,2594818.629382304
未分類其他金屬加工處理,2973,19543660586.0,6573716.981500168
未分類其他金屬容器製造,231,1878879718.0,8133678.4329004325
未分類其他陶瓷製品製造,220,4655023730.0,21159198.772727273
未分類其他零售攤販,42,37950000.0,903571.4285714285
未分類其他電力設備及配備製造,409,59459635610.0,145378082.17603913
未分類其他電腦週邊設備製造,378,40907032800.0,108219663.49206349
未分類其他非金屬家具製造,309,2968042000.0,9605313.915857606
未分類其他食品、飲料及菸草製品零售,5744,18484760342.0,3218098.9453342617
未分類其他食品批發,12738,79417485171.0,6234690.310174282
未分類砂、石採取及其他礦業,457,19778006179.0,43277912.8643326
本國銀行,43,2153654021610.0,50084977246.74419
束衣製造,86,788103430.0,9163993.372093024
果凍製造,7,201520000.0,28788571.42857143
果樹栽培,168,326404000.0,1942880.9523809524
果汁粉製造,6,88360000.0,14726666.666666666
果醬製造,9,116000000.0,12888888.888888888
染料、顏料批發,673,4700601878.0,6984549.595839525
染料及顏料製造,80,11152895336.0,139411191.7
柴油批發,107,2698279000.0,25217560.74766355
柴油零售,24,255180000.0,10632500.0
桶裝瓦斯零售,1995,2708081288.0,1357434.2295739348
梭織內衣製造,43,1842315340.0,42844542.79069767
梭織制服製造,124,1251889003.0,10095879.056451613
梭織外衣、襯衫製造,93,964720000.0,10373333.333333334
梭織布染整,93,4205591750.0,45221416.666666664
梭織成衣代工,294,1491380890.0,5072724.115646259
梭織服裝訂製,67,206878000.0,3087731.343283582
梭織童裝製造,12,374000000.0,31166666.666666668
梭織運動服製造,47,496220000.0,10557872.340425532
棉梭織布製造,129,12783052080.0,99093426.97674419
棉毛巾布製造,23,70260000.0,3054782.6086956523
棉混紡梭織布製造,518,57084694028.0,110202112.02316602
棉混紡紗（線）紡製,35,17157589210.0,490216834.5714286
棉紡紗（線）紡製,119,3116310400.0,26187482.352941178
棉纖維處理,28,21372698450.0,763310658.9285715
棒（壘）球場,8,2443500000.0,305437500.0
棺木零售,62,41581000.0,670661.2903225806
植物園、動物園及自然生態保護機構,3,700000.0,233333.33333333334
樂器批發,507,2234834087.0,4407956.779092702
樂器維修,21,14438000.0,687523.8095238095
樂器製造,102,925428000.0,9072823.529411765
樂器零售,579,1777377998.0,3069737.474956822
模型零售,88,109650000.0,1246022.7272727273
模板工程,2494,2958116800.0,1186093.3440256617
機械式停車塔營建,29,546950000.0,18860344.827586208
機能性飲料製造,8,177500000.0,22187500.0
機車出租,218,513480220.0,2355413.853211009
機車維修,1046,440105048.0,420750.5239005736
機車製造,43,11504076960.0,267536673.4883721
機車輪胎批發,51,167148000.0,3277411.7647058824
機車輪胎零售,47,28430000.0,604893.6170212766
機車零件、機車百貨批發,880,4394667260.0,4993940.068181818
機車零件、機車百貨零售,857,1154901800.0,1347610.0350058344
機車零件製造,403,16681648810.0,41393669.50372209
橡膠及塑膠加工用機械設備製造,342,10356106030.0,30281011.78362573
橡膠鞋材製造,50,739238000.0,14784760.0
橡膠鞋製造,98,39301251120.0,401033174.6938776
檔土支撐及土方工程,1335,4141491988.0,3102241.1895131087
檯燈製造,19,531800000.0,27989473.684210528
檳榔零售,214,70496000.0,329420.56074766355
檳榔（青）批發,11,28600000.0,2600000.0
武術指導,22,6660000.0,302727.2727272727
殯儀館經營,12,447225480.0,37268790.0
殯葬禮儀服務,1788,10552129678.0,5901638.522371365
毛巾物製造,31,145158000.0,4682516.129032258
毛梭織布製造,36,3446136000.0,95726000.0
毛毯製造,7,113000000.0,16142857.142857144
毛紡紗紡製,18,507769870.0,28209437.222222224
民俗藝術表演,31,24820000.0,800645.1612903225
民宿,1699,2192263922.0,1290326.028251913
民意機關,1,1000000.0,1000000.0
民意調查,6,10500000.0,1750000.0
氣體燃料供應,129,32993636370.0,255764623.02325583
氮肥、磷肥、鉀肥製造,22,1528460000.0,69475454.54545455
水井鑽鑿工程,196,739448000.0,3772693.8775510206
水果批發,1005,4508137828.0,4485709.281592039
水果零售,928,718242299.0,773967.994612069
水泥及水泥製品批發,840,14674316213.0,17469424.063095238
水泥及混凝土製品製造,253,16127809358.0,63746282.04743083
水泥製造,47,62856219390.0,1337366370.0
水產品零售,989,3040232430.0,3074046.946410516
水產罐頭製造,23,532312000.0,23144000.0
水路、海港、河流、碼頭工程,33,658913000.0,19967060.606060605
水電工程,10897,43584545738.0,3999683.007983849
污染防治設備製造,326,7375440500.0,22624050.613496933
污水處理廠營建,275,4904877949.0,17835919.814545456
汽機車檢驗,235,1647038000.0,7008672.340425532
汽油、柴油及液化石油氣零售（無商品進、銷貨行為）,20,1907198270.0,95359913.5
汽油批發,75,3499090000.0,46654533.333333336
汽油製造,6,226102004520.0,37683667420.0
汽油零售,1067,21144063720.0,19816367.12277413
汽車傳動系統製造,13,46700000.0,3592307.6923076925
汽車冷氣批發,10,35600000.0,3560000.0
汽車冷氣系統製造,1,110000000.0,110000000.0
汽車冷氣零售,9,17200000.0,1911111.111111111
汽車租賃,1187,27729301068.0,23360826.51053075
汽車美容,1106,1226633400.0,1109071.7902350815
汽車貨櫃貨運,682,33016755940.0,48411665.60117302
汽車車體、車身製造,199,24411125200.0,122668970.85427135
汽車輪胎批發,906,3031343400.0,3345853.642384106
汽車輪胎零售,945,1311675999.0,1388016.9301587301
汽車零件、汽車百貨批發,8550,56880308162.0,6652667.62128655
汽車零件、汽車百貨零售,4389,20887272795.0,4759004.96582365
汽車電力系統製造,218,14979194626.0,68711901.95412844
汽車音響批發,60,168777000.0,2812950.0
汽車音響零售,70,75398000.0,1077114.2857142857
汽車駕駛訓練,25,375620000.0,15024800.0
油墨批發,110,359845000.0,3271318.1818181816
油墨製造,37,1233052540.0,33325744.324324325
油漆粉刷、壁飾（紙）黏貼工程,5910,8077032967.0,1366672.2448392555
泛舟等水域遊憩活動,162,379358999.0,2341722.216049383
泵（幫浦）製造,69,1033723230.0,14981496.086956521
洋傘批發,71,555525000.0,7824295.774647887
洋傘零售,35,96770000.0,2764857.1428571427
洗衣服務,871,2692838098.0,3091662.56946039
洗鞋、洗包服務,14,8730000.0,623571.4285714285
洗髮精、潤髮精批發,328,1183931612.0,3609547.5975609757
洗髮精、潤髮精零售,130,544869420.0,4191303.230769231
活動房屋營建,250,844413000.0,3377652.0
活栓、活閥製造,221,5775468310.0,26133340.769230768
流行時尚設計,162,355266000.0,2193000.0
流行音樂展演空間經營,17,47188000.0,2775764.705882353
流行音樂歌手經紀,34,70000000.0,2058823.5294117648
流行音樂發行,315,2418313459.0,7677185.584126984
流行音樂表演,21,13440000.0,640000.0
流行音樂表演活動籌辦、監製與經紀,76,725283440.0,9543203.157894736
流體傳動設備製造,66,1872369000.0,28369227.272727273
海上結構物製造,82,13862109170.0,169050111.8292683
海事保險公證,10,23500000.0,2350000.0
海水浴場,2,400000.0,200000.0
海洋水運,204,121371805970.0,594959833.1862745
海洋箱網養殖,7,132503000.0,18929000.0
海洋貨運承攬,569,11305698470.0,19869417.34622144
消費合作社,75,284847260.0,3797963.466666667
消防設備批發,1735,8610960720.0,4963089.752161384
消防警報系統裝修工程,1500,7808347102.0,5205564.734666667
液化石油氣批發,297,6778311680.0,22822598.24915825
液化石油氣零售,20,24930000.0,1246500.0
液晶面板及其組件製造,37,116188958754.0,3140242128.4864864
淡水魚塭養殖,113,963362001.0,8525327.442477876
淤泥疏濬工程,500,3249571888.0,6499143.776
淺海養殖,39,2460364051.0,63086257.71794872
清潔劑製造,223,5397674003.0,24204816.15695067
清潔用具製造,77,613726080.0,7970468.571428572
清潔用化粧品製造,143,2452397100.0,17149630.06993007
清潔用品零售,869,2820528179.0,3245717.1219792864
渠道構建,31,71380000.0,2302580.64516129
渦輪機製造,22,555400000.0,25245454.545454547
測量及非建築工程製圖服務,150,733860000.0,4892400.0
港埠管理,7,2295000000.0,327857142.85714287
游泳指導,14,7390000.0,527857.1428571428
游泳池,84,610108750.0,7263199.404761905
游泳衣褲批發,14,66700000.0,4764285.714285715
游泳衣褲零售,19,30850000.0,1623684.2105263157
湯類罐頭製造,13,285750000.0,21980769.230769232
溫泉供應,7,2235380000.0,319340000.0
溫泉湯屋,45,512761000.0,11394688.888888888
漁網編製,19,165590000.0,8715263.157894736
漆料及塗料批發,1738,11848741234.0,6817457.556962025
漆料及塗料零售,560,1908687238.0,3408370.067857143
漫畫創作,4,2500000.0,625000.0
漫畫書屋,7,2200000.0,314285.71428571426
潤滑油批發,598,2872320496.0,4803211.531772575
潤滑油製造,5,247000000.0,49400000.0
潤滑油零售,83,251993000.0,3036060.2409638553
澱粉糖製造,30,724310000.0,24143666.666666668
澱粉製造,20,677951000.0,33897550.0
瀝青混凝土製造,37,1218220000.0,32924864.864864863
瀝青製造,48,1683590000.0,35074791.666666664
火化場經營,43,237010000.0,5511860.465116279
火柴、打火機批發,11,389790000.0,35435454.54545455
火柴、打火機零售,6,8500000.0,1416666.6666666667
焚化廠及廢棄物處理廠營建,127,9644486740.0,75940840.47244094
無侍者陪伴之歌廳,1,20000000.0,20000000.0
無侍者陪伴之舞場,14,17650000.0,1260714.2857142857
無動力車輛及其零件製造,30,242319100.0,8077303.333333333
無害廢棄物轉運站之經營,5,1836000.0,367200.0
無線通信服務,93,126794449047.0,1363381172.548387
無線電接收機製造,23,2328271890.0,101229212.60869566
無線電視頻道經營,11,20114260971.0,1828569179.1818182
無線電話機製造,6,566038010.0,94339668.33333333
焦炭零售,11,236956169.0,21541469.90909091
煤、焦炭批發,83,2965029000.0,35723240.96385542
煤油批發,145,3764682362.0,25963326.63448276
煤油零售,127,2031342000.0,15994818.897637796
照相器材批發,297,2054373050.0,6917080.976430977
照相器材零售,177,459687000.0,2597101.694915254
照相機批發,27,2983693120.0,110507152.5925926
照相機製造,13,7562639110.0,581741470.0
照相機零售,29,75840000.0,2615172.4137931033
照相館,215,284730000.0,1324325.5813953488
熱水器、排油煙機、瓦斯器具、烘碗機製造,208,3663790920.0,17614379.423076924
熱能供應,244,10502188549.0,43041756.34836066
燈光、舞台設計服務,231,509232000.0,2204467.5324675324
營建鑽探工程,115,934710000.0,8127913.043478261
營造用機械設備租賃,598,1887057000.0,3155613.712374582
牙膏、潔牙粉批發,31,106130000.0,3423548.3870967743
牙膏、潔牙粉零售,21,35442754.0,1687750.1904761905
牙膏及口腔衛生清潔劑製造,14,267055940.0,19075424.285714287
牛飼育,45,888307890.0,19740175.333333332
物理治療所、職能治療所,3,23250000.0,7750000.0
物理量測儀器製造,24,2742670000.0,114277916.66666667
特殊營養食品製造,64,4753694940.0,74276483.4375
獸醫服務,2,2200000.0,1100000.0
玩具批發,443,3395432980.0,7664634.266365688
玩具（模型玩具除外）零售,255,1153509500.0,4523566.666666667
玻璃器皿及餐具批發,268,1394080000.0,5201791.044776119
玻璃器皿及餐具零售,68,281060000.0,4133235.294117647
玻璃容器製造,121,33303859000.0,275238504.1322314
玻璃擺飾品製造,23,149925530.0,6518501.304347826
玻璃纖維建材製品批發,201,1537833000.0,7650910.447761194
玻璃纖維強化塑膠家具及裝設品製造,23,136630000.0,5940434.782608695
玻璃纖維梭織布製造,5,208000000.0,41600000.0
玻璃纖維製造,58,7895022570.0,136121078.79310346
珠寶及貴金屬飾物製造,68,525944816.0,7734482.588235294
珠寶批發,322,2598706750.0,8070517.857142857
珠寶零售,385,2015464038.0,5234971.527272727
珠寶零售（專營經由旅行社接待團體顧客之旅行購物保障商店）,3,900000.0,300000.0
理髮店,374,124712000.0,333454.54545454547
瑜珈指導,57,208706000.0,3661508.7719298247
環境檢測服務,646,5137103908.0,7952173.232198142
環境用藥製造,26,1314438510.0,50555327.307692304
環境顧問服務,163,6478767400.0,39747039.26380368
瓊麻絲紗（線）紡製,3,10240000.0,3413333.3333333335
瓦楞紙板（箱）製造,384,5550912430.0,14455501.119791666
瓷磚批發,882,5132246000.0,5818873.015873016
生乳批發,30,126390000.0,4213000.0
生糖批發,11,48080000.0,4370909.090909091
產後護理機構,141,1392776355.0,9877846.489361702
產業用光學儀器批發,445,6446155210.0,14485742.04494382
產業用飲水設備製造,67,2275786000.0,33966955.2238806
產業用飲用水設備批發,603,2768800662.0,4591709.223880597
用水供應,45,148848012000.0,3307733600.0
畜牧服務,70,2993922720.0,42770324.571428575
畜肉批發,812,6999619160.0,8620220.640394088
畜肉零售,526,959799503.0,1824713.8840304182
病媒防治服務,472,1127098664.0,2387920.8983050846
登山用品、露營用品批發,91,369087000.0,4055901.098901099
登山用品、露營用品零售,80,386168801.0,4827110.0125
發光二極體製造,24,20292422819.0,845517617.4583334
發酵乳製造,2,35400000.0,17700000.0
百貨公司,177,125096157460.0,706757951.7514124
皮包、手提包（真皮皮包、手提包除外）批發,348,2037884458.0,5855989.82183908
皮包、手提包（真皮皮包、手提包除外）零售,148,326239000.0,2204317.5675675673
皮服飾品製造,9,225700000.0,25077777.777777776
皮衣、皮褲製造,1,40000000.0,40000000.0
皮革及毛皮整製,121,3342940000.0,27627603.305785123
皮革批發,155,2287279800.0,14756643.870967742
皮革製行李箱及手提袋製造,66,1739150000.0,26350757.575757574
皮鞋製造,138,1262292000.0,9147043.47826087
盆景栽培,66,162739000.0,2465742.4242424243
監視系統裝修工程,622,1366151000.0,2196384.2443729904
盤元線材製造,2,14000000.0,7000000.0
直營連鎖式便利商店,346,4228390550.0,12220781.936416185
相片沖洗,63,129968000.0,2062984.126984127
真皮皮包、手提包批發,192,11809800000.0,61509375.0
真皮皮包、手提包零售,174,927186000.0,5328655.172413793
真皮鞋類及其配件批發,297,2905723800.0,9783581.818181818
真皮鞋類及其配件零售,181,2541803000.0,14043110.497237569
眼鏡及其零配件批發,823,5751677000.0,6988671.931956258
眼鏡及其零配件零售,1327,3251134698.0,2449988.4687264506
眼鏡製造,195,9261578250.0,47495273.07692308
睡衣製造,19,278535000.0,14659736.842105264
睡袋、帳篷、雨篷、遮陽篷製造,16,833631310.0,52101956.875
石作工程,321,2099160000.0,6539439.252336449
石材家具及其製品製造,203,3452648500.0,17008120.689655174
石材建材及其製品製造,75,1270189000.0,16935853.333333332
石棉製品製造,9,153500000.0,17055555.555555556
石油化工原料製造,47,42286375090.0,899710108.2978723
石油及天然氣探勘,1,1000000.0,1000000.0
石油及天然氣開發生產,3,2450784030.0,816928010.0
石灰及石灰製品批發,93,447555000.0,4812419.354838709
石灰製造,34,866088000.0,25473176.470588237
石膏製品製造,7,48445000.0,6920714.285714285
矽砂採取,58,596650000.0,10287068.965517242
矽酸鈣板批發,73,428110100.0,5864521.917808219
砂布、砂紙製造,36,484820000.0,13467222.222222222
砂石批發,1645,8489257138.0,5160642.637082067
砂石採取,321,4525206000.0,14097214.953271028
砂石碎解加工（無涉及砂石開採）,7,96540000.0,13791428.57142857
砂糖製造,3,78305192000.0,26101730666.666668
砂輪、磨輪、磨石製造,35,532973000.0,15227800.0
砌磚工程,397,287013000.0,722954.6599496221
碳酸飲料製造,8,5242417210.0,655302151.25
磁條卡、硬式磁碟片製造,17,13794674820.0,811451460.0
磁碟機製造,7,1226642000.0,175234571.42857143
磊晶矽晶圓製造,75,225408272120.0,3005443628.266667
磚瓦批發,336,2155890370.0,6416340.386904762
磚瓦製造,134,10884322060.0,81226284.02985075
礦物（寶石、貴金屬除外）零售,249,422465799.0,1696649.7951807228
礦物（寶石除外）批發,232,1223620142.0,5274224.75
社會及人文科學研究發展服務,23,137542158.0,5980093.826086956
社會教育館,2,40000000.0,20000000.0
神紙（冥紙）製造,16,124655000.0,7790937.5
票券金融,8,69359072170.0,8669884021.25
票據交換所,2,3978534000.0,1989267000.0
祭祀用香製造,29,178590000.0,6158275.862068965
禮服及服裝出租,72,85021999.0,1180861.0972222222
禽肉批發,282,1800972450.0,6386427.127659574
禽肉零售,98,187190000.0,1910102.0408163266
科學用、工業用陶瓷製品燒製,22,517827530.0,23537615.0
租賃住宅代管,135,386130000.0,2860222.222222222
稅務代理人事務服務,21,33940000.0,1616190.4761904762
種子批發,61,464590000.0,7616229.508196721
種子零售,25,121669999.0,4866799.96
種苗批發,294,1670183000.0,5680894.557823129
稻作栽培,576,401558000.0,697149.3055555555
稻米批發,290,1727708386.0,5957615.124137931
稻米零售,464,1074059192.0,2314782.7413793104
積體電路設計,145,18978491320.0,130886147.03448276
空白光碟片批發,42,283209940.0,6743093.80952381
空白光碟片製造,13,14591922840.0,1122455603.0769231
空白光碟片零售,12,21650000.0,1804166.6666666667
空白唱片製造,16,224925000.0,14057812.5
窗簾、沙發套、椅套、桌巾製造,63,929640000.0,14756190.476190476
窗簾批發,220,615416000.0,2797345.4545454546
窗簾零售,196,394529887.0,2012907.586734694
竹、木、藤製（藤蓆除外）家飾品批發,159,813320000.0,5115220.125786164
竹、木、藤製（藤蓆除外）家飾品零售,127,490585000.0,3862874.0157480314
竹材批發,42,170863000.0,4068166.6666666665
竹製品製造,78,831507300.0,10660350.0
算命卜卦、占星、堪輿,35,19394598.0,554131.3714285714
管道工程,9023,43410366875.0,4811079.117255902
管道運輸,10,44527000.0,4452700.0
籌辦運動活動,99,985309000.0,9952616.161616161
粉末冶金,72,3575389420.0,49658186.38888889
粗製茶,68,239380400.0,3520300.0
精密化學材料製造,117,52348198650.0,447420501.28205127
精製茶,97,1449948160.0,14947919.175257731
糕餅麵包製造,541,5999477800.0,11089607.76340111
糖果餅乾批發,647,6137862278.0,9486649.579598146
糖果餅乾零售,383,2148476300.0,5609598.694516972
糖漿製造,5,106380000.0,21276000.0
系統保全服務,212,19287919430.0,90980752.02830188
系統整合,302,7605019762.0,25182184.642384104
系統規劃、分析及設計,753,26242156210.0,34850141.04913679
紅糖製造,8,94000000.0,11750000.0
紋身、紋眉服務,57,19315000.0,338859.649122807
納骨塔營建,26,2174865400.0,83648669.23076923
紙尿褲及衛生棉製造,3,1455879000.0,485293000.0
紙尿褲批發,59,504290000.0,8547288.13559322
紙尿褲零售,52,487158816.0,9368438.76923077
紙張（板）批發,1058,10967907548.0,10366642.29489603
紙板製造,54,1019260000.0,18875185.185185187
紙漿製造,30,16340141130.0,544671371.0
紙盒、紙袋批發,647,2101011151.0,3247312.4435857804
紙盒、紙袋零售,187,1015348000.0,5429668.449197861
紙袋製造,193,1580058000.0,8186829.015544041
紡織及成衣機械批發,371,2298418000.0,6195196.765498652
紡織品零售攤販,2,7000000.0,3500000.0
紡織帽製造,55,459877400.0,8361407.2727272725
紡織手套製造,43,424296000.0,9867348.837209303
紡織機械設備製造,252,2850729340.0,11312418.015873017
紡織紗批發,341,6872032640.0,20152588.387096774
紡織紗零售,53,1324625000.0,24992924.528301887
紡織鞋製造,24,394200000.0,16425000.0
紮鋼筋工程,1000,4466390840.0,4466390.84
終端機製造,21,6146912170.0,292710103.3333333
絲織、麻織、棉織、毛織品批發,2664,40165392628.0,15077099.334834835
絲織、麻織、棉織、毛織品零售,498,5153830129.0,10349056.483935744
經營網路購物,9745,12350888631.0,1267407.761005644
經營郵購,8,9100000.0,1137500.0
經營電視購物、電台購物,315,4582015926.0,14546082.304761905
經編針織布製造,16,395920000.0,24745000.0
綜合商品批發,4992,100109277565.0,20053941.81991186
綜合商品拍賣（零售）,77,343445595.0,4460332.402597402
綜合研究發展服務,261,7843466560.0,30051596.01532567
綠化服務,1203,3665059098.0,3046599.416458853
網球場,4,200500000.0,50125000.0
網路卡製造,2,1918702330.0,959351165.0
網路廣播,5,13550000.0,2710000.0
網路電視節目編排及播放,11,21000000.0,1909090.9090909092
網際網路接取服務提供（ＩＡＳＰ）,28,3175925720.0,113425918.57142857
網頁設計,529,1406829486.0,2659413.0170132327
線上影片串流服務,13,390149460.0,30011496.923076924
線上影片節目製作,89,378593960.0,4253864.7191011235
線上音樂串流服務,1,1100000.0,1100000.0
縫紉用品批發,121,858530000.0,7095289.256198348
縫紉用品零售,33,186100000.0,5639393.939393939
織帶織製,306,1577676000.0,5155803.9215686275
繩、纜、網加工,18,114950000.0,6386111.111111111
繩纜製造,67,710965000.0,10611417.910447761
繪畫創作,38,55408000.0,1458105.2631578948
纖維板批發,104,648000000.0,6230769.230769231
罐頭批發,307,3624853920.0,11807341.758957654
罐頭食品零售,161,10379004910.0,64465869.00621118
羊飼育,12,93100000.0,7758333.333333333
美姿禮儀造型設計,110,354875735.0,3226143.0454545454
美容、美髮、理髮設備批發,60,170555890.0,2842598.1666666665
美容整型診所,4,6200000.0,1550000.0
美甲美睫,528,174625431.0,330729.98295454547
美術教學,21,5899000.0,280904.7619047619
美術燈製造,79,2596976000.0,32873113.924050633
美髮院及髮廊,2438,1307202315.0,536178.1439704676
羽毛製品製造,39,2736978310.0,70178931.02564102
羽球（場）館,34,127390000.0,3746764.705882353
翻譯服務,353,915722000.0,2594113.314447592
老人長期護理照顧機構,27,487942900.0,18071959.259259257
耐火材料製造,93,3198901500.0,34396790.32258064
聖誕裝飾燈製造,27,235270000.0,8713703.703703703
聚丙烯？棉混紡紗（線）紡製,2,37000000.0,18500000.0
聚胺棉混紡紗（線）紡製,1,21730000.0,21730000.0
聚酯棉混紡紗（線）紡製,23,5169501480.0,224760933.91304347
聚酯粒製造,71,29202024690.0,411296122.3943662
聚酯纖維梭織布製造,92,69213353790.0,752319062.9347826
聲納、雷達系統、遙感探測設備製造,20,2512527000.0,125626350.0
職業訓練機構,21,909152888.0,43292994.666666664
職業運動,19,242904000.0,12784421.05263158
肉汁製造,3,57600000.0,19200000.0
肉類罐頭製造,23,465229400.0,20227365.217391305
肉鬆、肉乾、火腿、臘味批發,95,453170000.0,4770210.52631579
肉鬆、肉乾、火腿、臘味零售,97,992439688.0,10231336.989690721
肉鬆、肉乾製造,25,195300000.0,7812000.0
肥料批發,567,3496026960.0,6165832.380952381
肥皂製造,52,693642000.0,13339269.23076923
背帶製造,19,170630000.0,8980526.315789474
脫水水產品製造,25,643962080.0,25758483.2
脫水種子製造,21,140364000.0,6684000.0
脫水肉品製造,15,82400000.0,5493333.333333333
脫水蔬果批發,82,305660000.0,3727560.975609756
脫水蔬果零售,58,58460000.0,1007931.0344827586
脫水蔬菜、脫水果實製造,45,326176600.0,7248368.888888889
膳食及菜餚罐頭製造,95,9362827314.0,98556076.98947369
臍帶血銀行,4,2074033300.0,518508325.0
自來水總管及市區管線營建,417,4341189250.0,10410525.7793765
自助儲物空間出租,41,1284556981.0,31330658.073170733
自助洗衣店,601,305106880.0,507665.3577371048
自動販賣機製造,4,156500000.0,39125000.0
自動門裝修工程,112,241821880.0,2159123.9285714286
自然及工程科學研究發展服務,154,12742086911.0,82740824.0974026
自由撰稿者,2,500000.0,250000.0
自行車修理,38,16015000.0,421447.36842105264
自行車及自行車零件批發,1072,6420267725.0,5989055.713619403
自行車及自行車零件零售,412,1040553888.0,2525616.2330097086
自行車租賃,31,58818000.0,1897354.8387096773
自行車製造,119,13522097958.0,113631075.27731092
自行車零件製造,769,19080627110.0,24812258.9206762
舞台燈光、音響設備出租,249,356552000.0,1431935.7429718876
舞台音響（燈光）設備批發,62,255687888.0,4123998.193548387
舞團,27,27180000.0,1006666.6666666666
舞蹈教學,36,24845000.0,690138.8888888889
航空器及其零件製造,52,9650463672.0,185585839.84615386
航空器維修,11,5105884520.0,464171320.0
航空燃油、燃料油批發,5,9400000.0,1880000.0
航空貨運承攬,554,7831294140.0,14135910.0
航空運輸,96,130814517713.0,1362651226.1770833
航空運輸輔助,31,2588481620.0,83499407.09677419
船上貨物裝卸,213,6650422284.0,31222639.830985915
船務代理,293,48049808570.0,163992520.71672356
船舶出租,107,2739774640.0,25605370.46728972
船舶建造（木殼）,23,472750000.0,20554347.826086957
船舶建造（玻璃纖維）,65,4511899060.0,69413831.6923077
船舶建造（鐵殼）,56,6340287000.0,113219410.71428572
船舶理貨,179,729920800.0,4077769.8324022344
船舶維修,325,2872245888.0,8837679.655384615
花卉材料、園藝器具零售,358,621170050.0,1735111.87150838
茶樹栽培,22,57190000.0,2599545.4545454546
茶葉批發,2019,8520770037.0,4220292.242199108
茶葉零售,695,953557764.0,1372025.5597122302
茶藝館,72,75490000.0,1048472.2222222222
茶類飲料製造,16,51960000.0,3247500.0
草蓆、藤蓆批發,13,70700000.0,5438461.538461538
草蓆、藤蓆零售,7,9200000.0,1314285.7142857143
菸草製品零售攤販,1,200000.0,200000.0
菸草製造,4,47756194000.0,11939048500.0
菸酒零售,1218,18401935206.0,15108321.187192118
蔬果汁飲料製造,30,1179364110.0,39312137.0
蔬果罐頭製造,45,6266212360.0,139249163.55555555
蔬菜批發,2988,7254351029.0,2427828.3229585006
蔬菜栽培,410,1515108300.0,3695386.0975609757
蔬菜零售,1921,2038158866.0,1060988.4778761063
薯類製粉、製片、製籤,11,1277000000.0,116090909.0909091
藝文作品展覽活動籌辦,391,898677564.0,2298408.0920716114
藝術作品修復,10,19000000.0,1900000.0
藝術表演活動籌辦、監製與經紀,1293,6397422934.0,4947736.221191029
藝術評論,17,100607000.0,5918058.823529412
藤製品製造,24,147546000.0,6147750.0
蛇紋石採取,1,200000.0,200000.0
蛋製品製造,11,89900000.0,8172727.2727272725
蛋類批發,203,3075380940.0,15149659.802955665
蛋類零售,131,219085800.0,1672410.6870229007
蜂蜜零售,72,140690000.0,1954027.7777777778
蜂飼育,21,28710000.0,1367142.857142857
螺絲、螺帽及鉚釘製造,2647,53243559882.0,20114680.726105023
蠶絲梭織布製造,97,2178060000.0,22454226.80412371
蠶絲紗（線）紡製,20,285441000.0,14272050.0
行動通信網路服務,50,541738000.0,10834760.0
行李箱、旅行袋（箱）、背包、公事包、化箱批發,90,372083500.0,4134261.111111111
行李箱、旅行袋（箱）、背包、公事包、化箱零售,274,890850385.0,3251278.777372263
行銷管理顧問服務,745,3860388938.0,5181730.118120805
衛星導航系統（ＧＰＳ）設備製造,4,1071400000.0,267850000.0
衛星通信網路服務,18,21039187700.0,1168843761.1111112
衛星電視頻道經營,67,31367313260.0,468168854.6268657
衛浴設備批發,881,6713494000.0,7620311.010215664
衛生用紙批發,100,6759520210.0,67595202.1
衛生用紙零售,36,138340000.0,3842777.777777778
衛生類用紙製造,39,3082471500.0,79037730.76923077
衣服修改,35,23135000.0,661000.0
表面活性劑製造,4,21400000.0,5350000.0
被動電子元件製造,239,35209745640.0,147321111.46443516
製冰機械批發,16,137077500.0,8567343.75
製版,314,18475872230.0,58840357.420382164
製網,30,2286254730.0,76208491.0
製鞋機製造,73,2231594190.0,30569783.424657535
複合支援服務,478,5262675025.0,11009780.387029288
襪類製造,209,1221004000.0,5842124.401913876
西藥批發,1193,42273808635.0,35434877.31349539
西藥零售,1676,15888022795.0,9479727.204653937
西點麵包批發,180,1722432690.0,9569070.5
西點麵包零售,1394,4544830278.0,3260279.969870875
視唱中心（ＫＴＶ）,408,6587111000.0,16144879.901960785
視聽中心,88,177210000.0,2013750.0
視聽設備批發,385,2134578490.0,5544359.714285715
視聽設備零售,326,1999187000.0,6132475.4601227
視聽電子產品維修,82,145102000.0,1769536.5853658537
視覺傳達與平面設計,288,299058000.0,1038395.8333333334
觀光旅館,297,112958992299.0,380333307.4040404
觀賞水族繁殖,29,80440000.0,2773793.103448276
觸控面板製造,2,317275910.0,158637955.0
計程車客運,2391,9047436540.0,3783955.0564617314
計程車派遣、聯繫服務,664,4106966250.0,6185190.135542168
計量及計數器製造,58,2280088000.0,39311862.06896552
記帳士、記帳及報稅代理業務人事務服務,2,3600000.0,1800000.0
記憶體模組製造,19,2832086880.0,149057204.21052632
記憶體製造,7,78295709279.0,11185101325.571428
課業輔導及補習教學,143,1450094300.0,10140519.58041958
調味料零售,80,219894000.0,2748675.0
調味料（辛、香料除外）批發,328,9226575888.0,28129804.536585364
調味醬製造,19,233600000.0,12294736.842105264
調理包食品零售,250,977349999.0,3909399.996
調理飲料攤販,75,60976999.0,813026.6533333333
證券商,71,315009549690.0,4436754220.985915
證券投資顧問,1036,69969962382.0,67538573.72779922
證券輔助,11,34957724523.0,3177974956.6363635
證券金融,15,4385819264.0,292387950.93333334
護理之家機構,5,45000100.0,9000020.0
讀卡機製造,9,3251635750.0,361292861.1111111
豆漿製造,17,196880000.0,11581176.470588235
豆腐乳、豆豉製造,8,25700000.0,3212500.0
豆腐批發,30,65000000.0,2166666.6666666665
豆腐（乾、皮）製造,99,1348517148.0,13621385.333333334
豆類、麥類及其他雜糧批發,487,14034671676.0,28818627.671457905
豆類、麥類及其他雜糧零售,221,852646667.0,3858129.714932127
豆類加工食品（豆腐、豆乾、豆皮、豆腐乳、豆豉、豆漿除外）製造,114,940968900.0,8254113.157894737
豆類製品零售,76,77239000.0,1016302.6315789474
豪華理容總匯,7,2250000.0,321428.5714285714
豬飼育,187,995869000.0,5325502.673796792
財務管理顧問服務,591,10160847573.0,17192635.487309646
財產保險代理,194,1374441300.0,7084748.969072165
財產保險經紀,195,4274566760.0,21920855.17948718
貨櫃修理,40,389655000.0,9741375.0
貨櫃出租,59,728300000.0,12344067.79661017
貨櫃及貨物集散站經營,75,78755844524.0,1050077926.9866667
貨櫃屋批發,392,9034471838.0,23047122.035714287
貨櫃製造,8,4246219630.0,530777453.75
貨車製造,1,200000.0,200000.0
貴金屬製造,79,796403520.0,10081057.215189874
貼面石材批發,919,4934291116.0,5369195.991294886
資源回收物清除,614,3095636100.0,5041752.605863192
賽車場,6,155800000.0,25966666.666666668
起重工程,2217,3002219376.0,1354181.044654939
超級市場,545,20951002090.0,38442205.66972477
車套、車用椅套製造,25,149450000.0,5978000.0
軌道車輛及其零件製造,34,7171227010.0,210918441.47058824
軌道車輛維修,29,242405000.0,8358793.1034482755
軟木製品製造,6,17200000.0,2866666.6666666665
軟體內容複製,31,227733330.0,7346236.451612903
軸承製造,8,18410000.0,2301250.0
輪胎製造,59,61342413710.0,1039701927.2881356
輸送機、堆高機、起重機製造,69,811650000.0,11763043.47826087
輸送機械批發,127,377408000.0,2971716.5354330707
輻射及電子醫學設備製造,28,8991720900.0,321132889.28571427
辛料、香料批發,60,250279000.0,4171316.6666666665
辦公室家具批發,321,1008450932.0,3141591.6884735203
農、林、漁、礦、食品、紡織等技術指導服務,618,12565012028.0,20331734.67313916
農作物採收,60,33843460.0,564057.6666666666
農會及漁會信用部,123,4952996841.0,40268267.0
農業及其他工業用機械設備租賃,334,7803268790.0,23363080.20958084
農業及園藝機械批發,378,1955371859.0,5172941.425925926
農業機械零配件製造,22,195720000.0,8896363.636363637
農民團體,36,2447932700.0,67998130.55555555
農產品批發市場經營,53,405570000.0,7652264.150943397
農產品（家畜及家禽肉品）批發市場承銷,68,299200000.0,4400000.0
農產品（果菜）批發市場承銷,338,887650769.0,2626185.7071005916
農產品（活體家畜、家禽）批發市場承銷,39,437730000.0,11223846.153846154
農產品（花卉）批發市場承銷,66,295257000.0,4473590.909090909
農產品（魚）批發市場承銷,97,746437000.0,7695226.804123712
農用手工具製造,77,1430616000.0,18579428.57142857
農藥批發,416,1830596091.0,4400471.372596154
農藥製造,41,7541671410.0,183943205.12195122
近海及沿岸漁撈,358,569256800.0,1590102.7932960894
通用機械設備維修及安裝,793,2608143787.0,3288958.1172761666
通用電池批發,488,6892791355.0,14124572.448770491
通用電池零售,144,430042888.0,2986408.9444444445
通訊傳播設備維修,122,83080000.0,680983.606557377
通訊傳播設備（電話、手機除外）批發,482,5471293980.0,11351232.323651452
速食湯包製造,3,301000000.0,100333333.33333333
速食麵條、粉條製造,13,427879820.0,32913832.307692308
造林,187,868797388.0,4645975.336898396
造紙印刷機械批發,145,667589800.0,4604067.586206896
造紙機械設備製造,83,2224835504.0,26805247.036144577
連鎖速食店,262,5133959850.0,19595266.603053436
進口家用家具批發,353,3238885430.0,9175312.83286119
進口家用家具零售,110,578901939.0,5262744.9
進口菸酒批發,1122,11784023592.0,10502694.823529411
遊戲程式設計,652,16040587084.0,24602127.429447852
遊戲軟體出版,98,3032377019.0,30942622.64285714
遊樂園及主題樂園,161,35803375570.0,222381214.7204969
遊覽車客運,844,30452180000.0,36080781.99052133
運動及娛樂用品租賃,131,335662000.0,2562305.3435114506
運輸公證服務,142,349205000.0,2459190.1408450706
運輸工具清潔服務（汽車除外）,16,43900000.0,2743750.0
運輸工具（機車、汽車除外）批發,111,683289000.0,6155756.756756756
道路工程,1052,114217409483.0,108571682.01806083
道路清潔服務,78,1357246240.0,17400592.82051282
道館,10,181525000.0,18152500.0
遠洋漁撈,497,9753840000.0,19625432.59557344
郵政儲金匯兌,1,79932000000.0,79932000000.0
郵政業務服務,3,900000.0,300000.0
都市、鄉鎮規劃,79,3546808460.0,44896309.62025317
配線用開關、電插座製造,174,3798225010.0,21828879.36781609
酵母製造,6,32801000.0,5466833.333333333
酸類製造,31,6717733300.0,216701074.19354838
醃漬水產品批發,31,178100000.0,5745161.29032258
醃漬水產品製造,11,66950000.0,6086363.636363637
醃漬水產品零售,22,23780000.0,1080909.0909090908
醃漬肉品製造,57,340860000.0,5980000.0
醃漬蔬果批發,96,300945580.0,3134849.7916666665
醃漬蔬果零售,82,121130000.0,1477195.1219512196
醃漬蔬菜、醃漬果實製造,132,1731921290.0,13120615.833333334
醫學檢驗服務,58,2934790090.0,50599829.137931034
醫用生物製品製造,39,10143364638.0,260086272.76923078
醫療機械設備出租,72,4772413020.0,66283514.166666664
醫療機械設備批發,2049,33676873090.0,16435760.414836505
醫療耗材批發,2778,32763896673.0,11794059.277537797
醫療耗材零售,697,4390138825.0,6298620.982783358
醫院,9,4367914745.0,485323860.5555556
醬油製造,60,882388210.0,14706470.166666666
量測設備批發,823,12406294690.0,15074477.144592952
金屬加工機械維修及安裝,212,386520000.0,1823207.5471698113
金屬加工用機械批發,1698,8842790579.0,5207768.303297997
金屬家具製造,572,12227688141.0,21377077.16958042
金屬彈簧製造,156,2344083620.0,15026177.051282052
金屬徽章製造,20,81900000.0,4095000.0
金屬手工具批發,1952,9714702100.0,4976794.108606557
金屬手工具零售,723,3516801002.0,4864178.426002766
金屬把手製造,22,180700000.0,8213636.363636363
金屬瓶蓋製造,22,275656000.0,12529818.181818182
金屬用車床、銑床、鑽床製造,979,29593228689.0,30228017.04698672
金屬礦採取,19,16919862400.0,890519073.6842105
金屬結構及建築組件批發,844,10284480990.0,12185404.016587678
金屬結構製造,981,14387395471.0,14666050.429153925
金屬線製品製造,618,19792743370.0,32027092.83171521
金屬罐製造,75,7309818000.0,97464240.0
金屬裁剪、焊接處理,1317,30834906562.0,23412989.03720577
金屬製品表面處理,712,23122380360.0,32475253.31460674
金屬貯槽製造,29,530880000.0,18306206.896551725
金屬軟管製造,38,324023000.0,8526921.05263158
金屬鍋碗製造,22,259480000.0,11794545.454545455
金屬門窗批發,1762,6760705470.0,3836949.7559591373
金屬門窗（框）製造,1016,4693302367.0,4619392.093503937
金屬飾物製造,99,644688888.0,6512008.96969697
金融控股,34,1677202046880.0,49329471967.05882
金融租賃,50,43302754850.0,866055097.0
金融聯合徵信服務,8,19800000.0,2475000.0
金融資產證券化商品,23,1123127500.0,48831630.43478261
金（銀）條、金（銀）塊、金（銀）錠及金（銀）幣批發,147,1116139848.0,7592788.081632653
金（銀）條、金（銀）塊、金（銀）錠及金（銀）幣零售,123,455520000.0,3703414.6341463416
金（銀）飾批發,756,6512238031.0,8614071.46957672
金（銀）飾零售,2185,2905757646.0,1329866.199542334
針織內衣製造,57,1781460000.0,31253684.210526317
針織外衣、襯衫製造,48,507650000.0,10576041.666666666
針織布染整,11,477155000.0,43377727.27272727
針織毛衣、毛褲製造,22,280200000.0,12736363.636363637
釣具批發,122,621010000.0,5090245.901639344
釣具零售,87,185593000.0,2133252.8735632184
釣蝦場,57,13333000.0,233912.28070175438
釣魚場,37,12350000.0,333783.7837837838
鈕扣製造,23,414500000.0,18021739.13043478
銅或銅合金粗製品製造,42,3760365000.0,89532500.0
銅鑄造,96,3922140000.0,40855625.0
銲棒、桿、條製造,16,1917035000.0,119814687.5
鋁合金鍊製,15,1049200000.0,69946666.66666667
鋁合金鑄造,359,14741437420.0,41062499.777158774
鋁或鋁合金粗製品製造,139,14198003319.0,102143908.76978417
鋁精鍊,47,10688761720.0,227420462.1276596
鋼板（捲）、鋼帶、鋼片製造,415,46411297070.0,111834450.77108434
鋼構工程,274,1876597888.0,6848897.401459854
鋼球、鋼珠製造,2,5500000.0,2750000.0
鋼瓶（瓦斯鋼瓶除外）製造,17,126099990.0,7417646.470588235
鋼筋、棒鋼製造,79,20781086920.0,263051733.16455695
鋼管製造,26,3152610270.0,121254241.15384616
鋼鐵伸線,111,5903242500.0,53182364.86486486
鋼鐵冶鍊,257,131977719630.0,513531982.99610895
鋼鐵熱處理,103,3139355000.0,30479174.757281553
鋼鐵鍛品製造,94,3789221920.0,40310871.4893617
錄放影機製造,17,3023839010.0,177872882.94117647
錄音工程,35,89440000.0,2555428.5714285714
錄音（影）帶內容複製,7,18800000.0,2685714.285714286
錢幣鑄造,1,600000000.0,600000000.0
鍊銅,20,7507211500.0,375360575.0
鍋爐、金屬貯槽及壓力容器維修及安裝,174,930101000.0,5345408.045977011
鍋爐製造,70,775947000.0,11084957.142857144
鍋爐附屬裝置製造,1,200000.0,200000.0
鎖具及鑰匙製造,132,6610645000.0,50080643.93939394
鏡子批發,12,68200000.0,5683333.333333333
鏡子零售,12,127160000.0,10596666.666666666
鐘錶及鐘錶零件批發,387,3021259270.0,7806871.498708011
鐘錶及鐘錶零件零售,334,3396248100.0,10168407.48502994
鐘錶維修,19,13200000.0,694736.8421052631
鐘錶製造,71,1331094000.0,18747802.816901408
鐵路、陸路貨運承攬,189,884525999.0,4680031.740740741
鐵路運輸,4,264256409569.0,66064102392.25
鑄管鑄造,71,49178070420.0,692648879.1549295
鑄鋼件鑄造,244,6182481570.0,25338039.221311476
鑄鐵件鑄造,1741,192190597716.0,110390923.4439977
閃光燈具製造,7,158900000.0,22700000.0
開鎖及配鎖,80,54750000.0,684375.0
關門器製造,5,15900000.0,3180000.0
防水工程,665,709134023.0,1066366.9518796992
防盜、防災系統設備製造,53,3805456102.0,71801058.52830188
附駕駛之客車租賃,569,7624582500.0,13399969.244288225
陶土、黏土批發,6,37700000.0,6283333.333333333
陶瓷器皿及餐具批發,420,2121408000.0,5050971.428571428
陶瓷器皿及餐具零售,151,1478135800.0,9788978.80794702
陶瓷衛浴設備燒製,31,4862781000.0,156863903.22580644
陶瓷裝飾品燒製,78,876355000.0,11235320.512820512
陶瓷餐具燒製,95,64513487570.0,679089342.8421053
陸上行李包裹託運,115,185034000.0,1608991.3043478262
隨身碟製造,20,6022919200.0,301145960.0
雕刻、雕塑創作,12,18529000.0,1544083.3333333333
雕刻木製品製造,29,43666000.0,1505724.1379310344
雕塑品批發,68,194907000.0,2866279.411764706
雕塑品零售,127,208908000.0,1644944.8818897638
雜糧栽培,96,195362000.0,2035020.8333333333
雜貨店,550,684001889.0,1243639.798181818
雞飼育,92,1570665760.0,17072453.913043477
雨衣、雨鞋批發,52,129091000.0,2482519.230769231
雨衣、雨鞋零售,15,24300000.0,1620000.0
零售式量販店,280,3220562568.0,11502009.17142857
電力供應,1613,555023565615.0,344093965.04339737
電力及電信傳送塔營建,140,2816410000.0,20117214.285714287
電力機械器材及設備維修及安裝,993,40282643513.0,40566609.78147029
電力設備出租,10,112440000.0,11244000.0
電力設備器材批發,1564,6970360598.0,4456752.300511509
電力變壓器製造,252,8917234930.0,35385852.896825396
電動機（馬達）製造,15,2694626000.0,179641733.33333334
電動玩具店,461,524032440.0,1136729.8047722343
電動玩具製造,18,190100000.0,10561111.111111112
電子及半導體生產用機械設備製造,444,20558425135.0,46302759.31306306
電子器材、電子設備批發,17029,455236350047.0,26733005.464031946
電子工業用化學處理劑製造,10,1744086980.0,174408698.0
電子支付,19,1701300000.0,89542105.26315789
電子玩具製造,11,242450000.0,22040909.09090909
電子琴花車,16,3280000.0,205000.0
電子票證發行,1,650049300.0,650049300.0
電子管製造,78,105479406160.0,1352300078.974359
電子連接器（線）製造,516,131880572540.0,255582504.9224806
電子遊樂器、電子遊樂器套裝軟體批發,52,444863492.0,8555067.153846154
電子遊樂器、電子遊樂器套裝軟體零售,33,94820000.0,2873333.3333333335
電影及電視節目拍攝器材設備出租,16,631500000.0,39468750.0
電影片代理及發行,112,790910000.0,7061696.428571428
電影片製作,728,5486624677.0,7536572.358516484
電影錄音、音效,33,73260000.0,2220000.0
電影院,74,3456454500.0,46708844.5945946
電晶體製造,45,5666612490.0,125924722.0
電梯、電扶梯、升降機裝修工程,899,5949532999.0,6617945.493882091
電梯（升降機）、電扶梯製造,195,11961784750.0,61342485.897435896
電源供應器製造,15,6031346120.0,402089741.3333333
電熱器製造,62,588630000.0,9494032.258064516
電燈泡及燈管製造,160,3057754620.0,19110966.375
電線及電纜製造,554,97928438650.0,176766134.74729243
電纜裝修工程,564,88355843015.0,156659296.12588653
電腦及其週邊設備出租,33,482965000.0,14635303.030303031
電腦及其週邊設備維修,593,2656234427.0,4479316.065767285
電腦及電腦週邊設備批發,9707,149156768134.0,15365897.613474812
電腦及電腦週邊設備零售,4266,118098443576.0,27683648.283169243
電腦報表紙製造,16,898150000.0,56134375.0
電腦套裝軟體批發,2563,32747426453.0,12776990.422551697
電腦套裝軟體零售,866,10234953955.0,11818653.527713627
電腦排版、照相排版、印刷排版,340,922873400.0,2714333.529411765
電腦製造,208,190307669990.0,914940721.1057693
電腦設備管理及資訊技術諮詢,837,21119047651.0,25231837.097968936
電腦資訊訓練,13,150550000.0,11580769.23076923
電視機製造,10,21825269000.0,2182526900.0
電視節目代理及發行,54,2507402470.0,46433379.074074075
電視節目製作,659,21848035520.0,33153316.418816388
電視節目錄音、音效,4,2100000.0,525000.0
電視頻道代理商,1,180000000.0,180000000.0
電話交換機製造,22,1626977000.0,73953500.0
電話機批發,279,1682130000.0,6029139.784946237
電話機零售,519,1253952799.0,2416094.02504817
電話秘書及客服中心服務,22,151623134.0,6891960.636363637
電路工程,4301,26697745200.0,6207334.387351778
電鬍刀、電髮器材製造,9,56500000.0,6277777.777777778
青草零售,145,827945000.0,5709965.517241379
非乳製食用冰品製造,91,1506351820.0,16553316.703296704
非店面零售代理,766,4921630676.0,6425105.321148825
非機械設備之農具修理,54,31431000.0,582055.5555555555
非酒精飲料批發,2712,20566024115.0,7583342.225294985
非金屬飾物製造,22,137360000.0,6243636.363636363
非食用動植物油脂批發,119,1237098000.0,10395781.512605041
鞋、皮革品修理,24,19875000.0,828125.0
鞋類及其配件（真皮鞋類及其配件除外）批發,738,10453871078.0,14165136.96205962
鞋類及其配件（真皮鞋類及其配件除外）零售,401,1835675800.0,4577745.137157107
鞋類零售攤販,4,1400000.0,350000.0
韌性植物纖維紡前處理,28,556420000.0,19872142.85714286
音樂光碟、影片光碟零售,92,2296513061.0,24962098.489130434
音樂廳、音樂展演空間經營,37,210350000.0,5685135.135135135
音樂教學,35,44915000.0,1283285.7142857143
音樂表演,118,138930000.0,1177372.8813559322
音樂詞曲創作,31,47898000.0,1545096.7741935484
音樂詞曲版權代理及授權使用,43,107090888.0,2490485.7674418604
音響設備製造,147,7549370640.0,51356262.85714286
預拌混凝土工程,120,118984000.0,991533.3333333334
預拌混凝土製造,414,25711355680.0,62104723.8647343
顯示器製造,9,20808524150.0,2312058238.888889
飛機出租,4,260000000.0,65000000.0
食品、飲料及菸草製作用機械設備製造,310,4604335670.0,14852695.709677419
食品零售攤販,69,36378999.0,527231.8695652174
食品飲料機械批發,342,1672231729.0,4889566.459064327
食用冰棒及食用冰塊製造,55,684966000.0,12453927.272727273
食用植物油製造,81,18133810620.0,223874205.1851852
食用油脂批發,865,8837529971.0,10216797.65433526
食用油脂零售,85,309924000.0,3646164.705882353
食用菇蕈類菌種培育,81,1617709000.0,19971716.049382716
食用醋製造,26,716830000.0,27570384.615384616
食用鹽製造,1,200000.0,200000.0
飲料零售,2068,11167729077.0,5400255.839941973
飲料零售攤販,33,17117112.0,518700.36363636365
飲用淨水零售,201,445878890.0,2218302.935323383
飲用淨水零售（自助加水站）,143,49770000.0,348041.95804195805
飲酒店,306,564288000.0,1844078.431372549
餐盒零售,84,169720567.0,2020482.9404761905
餐食攤販,424,162688998.0,383700.46698113205
餐館、餐廳,15435,71127191831.0,4608175.6936184
香水、香粉批發,38,229500000.0,6039473.684210527
香水、香粉零售,39,68908000.0,1766871.7948717948
香皂、沐浴乳、洗面皂批發,167,556781000.0,3334017.9640718563
香皂、沐浴乳、洗面皂零售,120,237665000.0,1980541.6666666667
香腸、火腿製造,25,692966000.0,27718640.0
香菇栽培,36,170489000.0,4735805.555555556
馬術場,3,10500000.0,3500000.0
骨灰（骸）存放設施經營,20,3985225182.0,199261259.1
骨髓幹細胞中心,3,408860000.0,136286666.66666666
體外診斷試劑製造,9,1237761444.0,137529049.33333334
體操指導,5,9645000.0,1929000.0
體重計零售,48,564149999.0,11753124.979166666
高爾夫球場及練習場,104,12989576660.0,124899775.57692307
高爾夫球用品製造,9,1455349190.0,161705465.55555555
魚漿製造,5,15700000.0,3140000.0
魚苗批發,10,18920000.0,1892000.0
魚類批發,648,6694190329.0,10330540.63117284
鮮乳、調味乳製造,13,179550000.0,13811538.461538462
鮮奶油、乳酪及乾酪製造,4,30500000.0,7625000.0
鴨飼育,18,76478000.0,4248777.777777778
鵝飼育,3,1440000.0,480000.0
鹹水魚塭養殖,46,223128390.0,4850617.173913044
鹼類製造,4,44000000.0,11000000.0
鹽批發,3,20400000.0,6800000.0
鹿飼育,1,200000.0,200000.0
麵店、小吃店,8779,4039941447.0,460182.4179291491
麵筋製造,4,64183780.0,16045945.0
麵粉批發,110,964399999.0,8767272.718181819
麵粉製造,28,3690139830.0,131790708.21428572
麵食品批發,154,961097000.0,6240889.610389611
麵食品零售,135,117795894.0,872562.1777777778
麻紗（線）紡製,3,48700000.0,16233333.333333334
麻絲梭織布製造,1,500000.0,500000.0
黃豆粉製造,5,15500000.0,3100000.0
齒輪製造,188,4967790700.0,26424418.617021278
ＡＢＳ樹脂製造,12,3118129000.0,259844083.33333334
Ｋ書中心,10,5198000.0,519800.0
